HotelID,Month_Year,Revenue,Profit
LH-2202,Jan-09,191754,93480
LH-2202,Feb-09,235510,114811
LH-2202,Mar-09,284363,159954
LH-2202,Apr-09,248062,120930
LH-2202,May-09,287436,161683
LH-2202,Jun-09,374540,266860
LH-2202,Jul-09,356349,253899
LH-2202,Aug-09,353691,252004
LH-2202,Sep-09,363632,259087
LH-2202,Oct-09,300074,168791
LH-2202,Nov-09,264361,128876
LH-2202,Dec-09,210163,102454
LH-2202,Jan-10,158632,77333
LH-2202,Feb-10,256192,124893
LH-2202,Mar-10,285271,160465
LH-2202,Apr-10,267597,130453
LH-2202,May-10,278735,135883
LH-2202,Jun-10,322352,181323
LH-2202,Jul-10,372073,265102
LH-2202,Aug-10,419899,299178
LH-2202,Sep-10,299374,168398
LH-2202,Oct-10,285338,160502
LH-2202,Nov-10,266415,129877
LH-2202,Dec-10,146697,71514
LH-2202,Jan-11,221519,107990
LH-2202,Feb-11,246474,120156
LH-2202,Mar-11,302565,170193
LH-2202,Apr-11,270263,131753
LH-2202,May-11,302284,170034
LH-2202,Jun-11,330795,186072
LH-2202,Jul-11,322854,181605
LH-2202,Aug-11,296169,166595
LH-2202,Sep-11,324208,182367
LH-2202,Oct-11,309042,173836
LH-2202,Nov-11,277995,135522
LH-2202,Dec-11,134666,65649
LH-2202,Jan-12,160420,78204
LH-2202,Feb-12,260579,127032
LH-2202,Mar-12,292039,164271
LH-2202,Apr-12,229455,111859
LH-2202,May-12,297355,167262
LH-2202,Jun-12,347396,247519
LH-2202,Jul-12,358608,255508
LH-2202,Aug-12,385984,275014
LH-2202,Sep-12,354672,252703
LH-2202,Oct-12,331946,186719
LH-2202,Nov-12,247537,120674
LH-2202,Dec-12,216280,105436
LH-2202,Jan-13,166022,80935
LH-2202,Feb-13,201807,98381
LH-2202,Mar-13,274239,133691
LH-2202,Apr-13,323541,181991
LH-2202,May-13,289391,162782
LH-2202,Jun-13,302267,170025
LH-2202,Jul-13,383470,273222
LH-2202,Aug-13,319444,179687
LH-2202,Sep-13,350701,249874
LH-2202,Oct-13,287390,161657
LH-2202,Nov-13,233707,113932
LH-2202,Dec-13,142439,69439
LH-2202,Jan-14,168455,82122
LH-2202,Feb-14,259013,126269
LH-2202,Mar-14,299339,168378
LH-2202,Apr-14,305828,172028
LH-2202,May-14,259082,126302
LH-2202,Jun-14,329391,185282
LH-2202,Jul-14,400432,285308
LH-2202,Aug-14,336135,239496
LH-2202,Sep-14,327983,184490
LH-2202,Oct-14,356524,254023
LH-2202,Nov-14,291305,163859
LH-2202,Dec-14,111537,-54374
LH-2202,Jan-15,130730,-63731
LH-2202,Feb-15,242282,118112
LH-2202,Mar-15,296580,166826
LH-2202,Apr-15,273517,133339
LH-2202,May-15,282100,158681
LH-2202,Jun-15,340843,242850
LH-2202,Jul-15,333366,237523
LH-2202,Aug-15,321922,181081
LH-2202,Sep-15,374707,266979
LH-2202,Oct-15,266372,129856
LH-2202,Nov-15,264558,128972
LH-2202,Dec-15,120241,-58617
LH-2202,Jan-16,150391,73315
LH-2202,Feb-16,307510,172974
LH-2202,Mar-16,248481,121134
LH-2202,Apr-16,248630,121207
LH-2202,May-16,318709,179274
LH-2202,Jun-16,275854,134479
LH-2202,Jul-16,347403,247524
LH-2202,Aug-16,325861,183297
LH-2202,Sep-16,395260,281623
LH-2202,Oct-16,340014,242260
LH-2202,Nov-16,198614,96824
LH-2202,Dec-16,176411,86000
LH-4458,Jan-09,183358,89387
LH-4458,Feb-09,249510,121636
LH-4458,Mar-09,315912,177700
LH-4458,Apr-09,271547,132379
LH-4458,May-09,292338,164440
LH-4458,Jun-09,380358,271005
LH-4458,Jul-09,326289,183537
LH-4458,Aug-09,295181,166039
LH-4458,Sep-09,368648,262662
LH-4458,Oct-09,277024,135049
LH-4458,Nov-09,273503,133332
LH-4458,Dec-09,212616,103650
LH-4458,Jan-10,136411,66500
LH-4458,Feb-10,296326,166683
LH-4458,Mar-10,307157,172775
LH-4458,Apr-10,243649,118779
LH-4458,May-10,292386,164467
LH-4458,Jun-10,340717,242761
LH-4458,Jul-10,380977,271446
LH-4458,Aug-10,332214,186870
LH-4458,Sep-10,339632,241988
LH-4458,Oct-10,368162,262315
LH-4458,Nov-10,262507,127972
LH-4458,Dec-10,163476,79694
LH-4458,Jan-11,140190,68342
LH-4458,Feb-11,288446,162251
LH-4458,Mar-11,283151,159272
LH-4458,Apr-11,308906,173759
LH-4458,May-11,308353,173448
LH-4458,Jun-11,307560,173002
LH-4458,Jul-11,368623,262644
LH-4458,Aug-11,343868,245006
LH-4458,Sep-11,368826,262788
LH-4458,Oct-11,307884,173184
LH-4458,Nov-11,275259,134188
LH-4458,Dec-11,177573,86567
LH-4458,Jan-12,188373,91832
LH-4458,Feb-12,270160,131703
LH-4458,Mar-12,339897,242176
LH-4458,Apr-12,285491,160588
LH-4458,May-12,317426,178552
LH-4458,Jun-12,394747,281257
LH-4458,Jul-12,368321,262428
LH-4458,Aug-12,300504,169034
LH-4458,Sep-12,301753,169736
LH-4458,Oct-12,331781,186627
LH-4458,Nov-12,314681,177008
LH-4458,Dec-12,159673,77840
LH-4458,Jan-13,211684,103196
LH-4458,Feb-13,233394,113779
LH-4458,Mar-13,253993,123821
LH-4458,Apr-13,294484,165647
LH-4458,May-13,279043,136033
LH-4458,Jun-13,347914,247889
LH-4458,Jul-13,345436,246123
LH-4458,Aug-13,406414,289570
LH-4458,Sep-13,341446,243280
LH-4458,Oct-13,363815,259218
LH-4458,Nov-13,289748,162983
LH-4458,Dec-13,133081,64877
LH-4458,Jan-14,158132,77089
LH-4458,Feb-14,273809,133482
LH-4458,Mar-14,241058,117515
LH-4458,Apr-14,316282,177909
LH-4458,May-14,283090,159238
LH-4458,Jun-14,293499,165093
LH-4458,Jul-14,361523,257585
LH-4458,Aug-14,345917,246466
LH-4458,Sep-14,337408,240403
LH-4458,Oct-14,262889,128158
LH-4458,Nov-14,280908,158010
LH-4458,Dec-14,96221,-46907
LH-4458,Jan-15,174573,85104
LH-4458,Feb-15,257983,125766
LH-4458,Mar-15,292817,164709
LH-4458,Apr-15,265009,129192
LH-4458,May-15,318496,179154
LH-4458,Jun-15,314822,177087
LH-4458,Jul-15,391167,278706
LH-4458,Aug-15,334586,238393
LH-4458,Sep-15,389740,277689
LH-4458,Oct-15,266833,130081
LH-4458,Nov-15,288178,162100
LH-4458,Dec-15,144082,70240
LH-4458,Jan-16,150559,73397
LH-4458,Feb-16,272446,132817
LH-4458,Mar-16,289972,163109
LH-4458,Apr-16,304651,171366
LH-4458,May-16,341003,242964
LH-4458,Jun-16,349726,249180
LH-4458,Jul-16,352133,250895
LH-4458,Aug-16,373521,266134
LH-4458,Sep-16,341422,243263
LH-4458,Oct-16,280670,157877
LH-4458,Nov-16,258898,126213
LH-4458,Dec-16,171155,83438
LH-7450,Jan-09,215208,104914
LH-7450,Feb-09,286802,161326
LH-7450,Mar-09,290342,163317
LH-7450,Apr-09,315790,177631
LH-7450,May-09,297688,167449
LH-7450,Jun-09,381377,271731
LH-7450,Jul-09,340569,242656
LH-7450,Aug-09,326623,183725
LH-7450,Sep-09,347857,247848
LH-7450,Oct-09,343479,244728
LH-7450,Nov-09,219701,107104
LH-7450,Dec-09,195090,95106
LH-7450,Jan-10,206597,100716
LH-7450,Feb-10,287905,161947
LH-7450,Mar-10,327333,184124
LH-7450,Apr-10,243748,118827
LH-7450,May-10,249880,121816
LH-7450,Jun-10,288245,162137
LH-7450,Jul-10,389862,277777
LH-7450,Aug-10,330005,185628
LH-7450,Sep-10,350038,249402
LH-7450,Oct-10,320593,180333
LH-7450,Nov-10,264278,128835
LH-7450,Dec-10,141033,68753
LH-7450,Jan-11,235266,114692
LH-7450,Feb-11,256948,125262
LH-7450,Mar-11,315017,177197
LH-7450,Apr-11,294364,165579
LH-7450,May-11,328544,184806
LH-7450,Jun-11,340793,242815
LH-7450,Jul-11,332362,186953
LH-7450,Aug-11,316205,177865
LH-7450,Sep-11,313629,176416
LH-7450,Oct-11,312320,175680
LH-7450,Nov-11,275939,134520
LH-7450,Dec-11,143177,69799
LH-7450,Jan-12,185826,90590
LH-7450,Feb-12,272035,132617
LH-7450,Mar-12,341244,243136
LH-7450,Apr-12,274973,134049
LH-7450,May-12,328690,184888
LH-7450,Jun-12,331262,186335
LH-7450,Jul-12,330803,186076
LH-7450,Aug-12,317318,178491
LH-7450,Sep-12,344938,245768
LH-7450,Oct-12,273863,133508
LH-7450,Nov-12,264852,129115
LH-7450,Dec-12,180306,87899
LH-7450,Jan-13,202990,98957
LH-7450,Feb-13,263387,128401
LH-7450,Mar-13,256958,125267
LH-7450,Apr-13,241359,117662
LH-7450,May-13,356647,254110
LH-7450,Jun-13,359221,255945
LH-7450,Jul-13,360213,256651
LH-7450,Aug-13,363854,259246
LH-7450,Sep-13,355082,252996
LH-7450,Oct-13,329667,185438
LH-7450,Nov-13,287654,161805
LH-7450,Dec-13,152030,74114
LH-7450,Jan-14,180605,88045
LH-7450,Feb-14,276918,134997
LH-7450,Mar-14,209494,102128
LH-7450,Apr-14,264533,128960
LH-7450,May-14,278636,135835
LH-7450,Jun-14,346785,247084
LH-7450,Jul-14,405023,288579
LH-7450,Aug-14,365590,260483
LH-7450,Sep-14,359578,256199
LH-7450,Oct-14,243735,118820
LH-7450,Nov-14,299700,168581
LH-7450,Dec-14,130002,-63376
LH-7450,Jan-15,151680,73944
LH-7450,Feb-15,277550,135305
LH-7450,Mar-15,313642,176423
LH-7450,Apr-15,262794,128112
LH-7450,May-15,264516,128951
LH-7450,Jun-15,323979,182238
LH-7450,Jul-15,320313,180176
LH-7450,Aug-15,307240,172822
LH-7450,Sep-15,354583,252640
LH-7450,Oct-15,323436,181932
LH-7450,Nov-15,293745,165231
LH-7450,Dec-15,158433,77236
LH-7450,Jan-16,197810,96432
LH-7450,Feb-16,263209,128314
LH-7450,Mar-16,288985,162554
LH-7450,Apr-16,224439,109414
LH-7450,May-16,340236,242418
LH-7450,Jun-16,319582,179765
LH-7450,Jul-16,306077,172168
LH-7450,Aug-16,367960,262171
LH-7450,Sep-16,371390,264615
LH-7450,Oct-16,323809,182143
LH-7450,Nov-16,275712,134409
LH-7450,Dec-16,182572,89004
LH-5976,Jan-09,191880,93541
LH-5976,Feb-09,283830,159654
LH-5976,Mar-09,274435,133787
LH-5976,Apr-09,174191,84918
LH-5976,May-09,308135,173325
LH-5976,Jun-09,287018,161447
LH-5976,Jul-09,383263,273075
LH-5976,Aug-09,335849,239292
LH-5976,Sep-09,357819,254946
LH-5976,Oct-09,325015,182821
LH-5976,Nov-09,325571,183133
LH-5976,Dec-09,119350,-58183
LH-5976,Jan-10,183157,89289
LH-5976,Feb-10,243472,118692
LH-5976,Mar-10,233641,113900
LH-5976,Apr-10,314908,177135
LH-5976,May-10,326178,183475
LH-5976,Jun-10,350875,249998
LH-5976,Jul-10,359622,256230
LH-5976,Aug-10,299151,168272
LH-5976,Sep-10,322928,181647
LH-5976,Oct-10,312585,175829
LH-5976,Nov-10,339008,241543
LH-5976,Dec-10,139893,68198
LH-5976,Jan-11,196981,96028
LH-5976,Feb-11,286152,160960
LH-5976,Mar-11,279450,136231
LH-5976,Apr-11,265414,129389
LH-5976,May-11,275157,134139
LH-5976,Jun-11,358156,255186
LH-5976,Jul-11,345825,246400
LH-5976,Aug-11,346196,246664
LH-5976,Sep-11,321929,181085
LH-5976,Oct-11,342995,244384
LH-5976,Nov-11,232416,113303
LH-5976,Dec-11,153780,74968
LH-5976,Jan-12,155386,75751
LH-5976,Feb-12,279450,136231
LH-5976,Mar-12,242195,118070
LH-5976,Apr-12,275269,134193
LH-5976,May-12,319503,179720
LH-5976,Jun-12,373264,265951
LH-5976,Jul-12,345347,246060
LH-5976,Aug-12,334256,238157
LH-5976,Sep-12,319823,179900
LH-5976,Oct-12,274902,134014
LH-5976,Nov-12,287135,161513
LH-5976,Dec-12,162964,79444
LH-5976,Jan-13,170642,83188
LH-5976,Feb-13,232962,113569
LH-5976,Mar-13,326654,183743
LH-5976,Apr-13,206593,100714
LH-5976,May-13,337012,240121
LH-5976,Jun-13,352214,250952
LH-5976,Jul-13,334731,238495
LH-5976,Aug-13,377973,269306
LH-5976,Sep-13,349722,249177
LH-5976,Oct-13,381341,271706
LH-5976,Nov-13,278809,135919
LH-5976,Dec-13,173555,84608
LH-5976,Jan-14,187259,91288
LH-5976,Feb-14,305339,171753
LH-5976,Mar-14,254505,124071
LH-5976,Apr-14,343765,244933
LH-5976,May-14,320906,180509
LH-5976,Jun-14,344190,245236
LH-5976,Jul-14,399489,284636
LH-5976,Aug-14,346972,247217
LH-5976,Sep-14,368676,262681
LH-5976,Oct-14,319351,179635
LH-5976,Nov-14,294699,165768
LH-5976,Dec-14,154598,75366
LH-5976,Jan-15,181119,88295
LH-5976,Feb-15,226883,110605
LH-5976,Mar-15,322012,181132
LH-5976,Apr-15,314221,176749
LH-5976,May-15,340946,242924
LH-5976,Jun-15,290947,163657
LH-5976,Jul-15,354929,252887
LH-5976,Aug-15,358778,255629
LH-5976,Sep-15,296060,166534
LH-5976,Oct-15,338381,241096
LH-5976,Nov-15,237844,115949
LH-5976,Dec-15,179271,87394
LH-5976,Jan-16,163984,79942
LH-5976,Feb-16,314714,177026
LH-5976,Mar-16,279790,136397
LH-5976,Apr-16,298687,168011
LH-5976,May-16,233532,113846
LH-5976,Jun-16,351602,250516
LH-5976,Jul-16,368133,262295
LH-5976,Aug-16,362173,258048
LH-5976,Sep-16,363287,258842
LH-5976,Oct-16,345754,246350
LH-5976,Nov-16,294936,165901
LH-5976,Dec-16,110212,-53728
LH-7831,Jan-09,162676,79304
LH-7831,Feb-09,260963,127219
LH-7831,Mar-09,247830,120817
LH-7831,Apr-09,270937,132082
LH-7831,May-09,277318,135192
LH-7831,Jun-09,329660,185434
LH-7831,Jul-09,364475,259689
LH-7831,Aug-09,281164,158154
LH-7831,Sep-09,393351,280262
LH-7831,Oct-09,277694,135375
LH-7831,Nov-09,237133,115602
LH-7831,Dec-09,189810,92532
LH-7831,Jan-10,130650,-63692
LH-7831,Feb-10,283592,159521
LH-7831,Mar-10,299458,168445
LH-7831,Apr-10,212630,103657
LH-7831,May-10,329104,185121
LH-7831,Jun-10,317071,178352
LH-7831,Jul-10,377216,268766
LH-7831,Aug-10,287164,161530
LH-7831,Sep-10,307475,172954
LH-7831,Oct-10,334669,238451
LH-7831,Nov-10,266475,129906
LH-7831,Dec-10,146273,71308
LH-7831,Jan-11,163807,79856
LH-7831,Feb-11,268394,130842
LH-7831,Mar-11,226092,110220
LH-7831,Apr-11,267618,130463
LH-7831,May-11,300586,169079
LH-7831,Jun-11,354684,252712
LH-7831,Jul-11,439191,312924
LH-7831,Aug-11,290873,163616
LH-7831,Sep-11,350850,249980
LH-7831,Oct-11,305269,171714
LH-7831,Nov-11,289831,163030
LH-7831,Dec-11,135813,66209
LH-7831,Jan-12,130969,63847
LH-7831,Feb-12,272739,132960
LH-7831,Mar-12,215328,104972
LH-7831,Apr-12,330382,185840
LH-7831,May-12,248798,121289
LH-7831,Jun-12,359531,256165
LH-7831,Jul-12,372690,265541
LH-7831,Aug-12,353149,251619
LH-7831,Sep-12,314309,176798
LH-7831,Oct-12,324109,182311
LH-7831,Nov-12,251087,122405
LH-7831,Dec-12,102043,-49746
LH-7831,Jan-13,189534,92398
LH-7831,Feb-13,269892,131572
LH-7831,Mar-13,276570,134827
LH-7831,Apr-13,232643,113413
LH-7831,May-13,241017,117495
LH-7831,Jun-13,268979,131127
LH-7831,Jul-13,326459,183633
LH-7831,Aug-13,335323,238918
LH-7831,Sep-13,355075,252991
LH-7831,Oct-13,326979,183926
LH-7831,Nov-13,255116,124369
LH-7831,Dec-13,166940,81383
LH-7831,Jan-14,143772,70089
LH-7831,Feb-14,257194,125382
LH-7831,Mar-14,273170,133170
LH-7831,Apr-14,306182,172227
LH-7831,May-14,253632,123645
LH-7831,Jun-14,355479,253279
LH-7831,Jul-14,333898,237902
LH-7831,Aug-14,345780,246368
LH-7831,Sep-14,338524,241198
LH-7831,Oct-14,347037,247264
LH-7831,Nov-14,240449,117219
LH-7831,Dec-14,153976,75063
LH-7831,Jan-15,185382,90373
LH-7831,Feb-15,244502,119194
LH-7831,Mar-15,251569,122639
LH-7831,Apr-15,303835,170907
LH-7831,May-15,298874,168117
LH-7831,Jun-15,277766,135411
LH-7831,Jul-15,392086,279361
LH-7831,Aug-15,289095,162616
LH-7831,Sep-15,274792,133961
LH-7831,Oct-15,312913,176013
LH-7831,Nov-15,242271,118107
LH-7831,Dec-15,153534,74848
LH-7831,Jan-16,206378,100609
LH-7831,Feb-16,283984,159741
LH-7831,Mar-16,243315,118616
LH-7831,Apr-16,240584,117285
LH-7831,May-16,240713,117347
LH-7831,Jun-16,369902,263555
LH-7831,Jul-16,384059,273642
LH-7831,Aug-16,337545,240500
LH-7831,Sep-16,359841,256387
LH-7831,Oct-16,329565,185380
LH-7831,Nov-16,247126,120474
LH-7831,Dec-16,200173,97584
LH-5805,Jan-09,151064,73643
LH-5805,Feb-09,271918,132560
LH-5805,Mar-09,233617,113888
LH-5805,Apr-09,292731,164661
LH-5805,May-09,280740,157916
LH-5805,Jun-09,341895,243600
LH-5805,Jul-09,360266,256689
LH-5805,Aug-09,362425,258228
LH-5805,Sep-09,340106,242325
LH-5805,Oct-09,316120,177817
LH-5805,Nov-09,315009,177192
LH-5805,Dec-09,127650,-62229
LH-5805,Jan-10,168647,82215
LH-5805,Feb-10,230359,112300
LH-5805,Mar-10,280257,157644
LH-5805,Apr-10,268722,131002
LH-5805,May-10,313038,176083
LH-5805,Jun-10,345703,246313
LH-5805,Jul-10,339349,241786
LH-5805,Aug-10,337541,240498
LH-5805,Sep-10,331444,186437
LH-5805,Oct-10,285949,160846
LH-5805,Nov-10,273355,133260
LH-5805,Dec-10,176068,85833
LH-5805,Jan-11,214303,104472
LH-5805,Feb-11,283878,159681
LH-5805,Mar-11,288547,162307
LH-5805,Apr-11,257059,125316
LH-5805,May-11,324100,182306
LH-5805,Jun-11,348857,248560
LH-5805,Jul-11,315847,177663
LH-5805,Aug-11,342608,244108
LH-5805,Sep-11,375908,267834
LH-5805,Oct-11,369128,263003
LH-5805,Nov-11,261026,127250
LH-5805,Dec-11,164708,80295
LH-5805,Jan-12,110302,-53772
LH-5805,Feb-12,291866,164175
LH-5805,Mar-12,313076,176105
LH-5805,Apr-12,271594,132402
LH-5805,May-12,285036,160332
LH-5805,Jun-12,320859,180483
LH-5805,Jul-12,365486,260409
LH-5805,Aug-12,362540,258309
LH-5805,Sep-12,311539,175241
LH-5805,Oct-12,349341,248905
LH-5805,Nov-12,256252,124922
LH-5805,Dec-12,134487,65562
LH-5805,Jan-13,200157,97576
LH-5805,Feb-13,238481,116259
LH-5805,Mar-13,295084,165985
LH-5805,Apr-13,312176,175599
LH-5805,May-13,309162,173904
LH-5805,Jun-13,367951,262165
LH-5805,Jul-13,326509,183661
LH-5805,Aug-13,340391,242528
LH-5805,Sep-13,301419,169548
LH-5805,Oct-13,333455,237586
LH-5805,Nov-13,321530,180860
LH-5805,Dec-13,144930,70653
LH-5805,Jan-14,93489,-45576
LH-5805,Feb-14,251499,122606
LH-5805,Mar-14,276956,135016
LH-5805,Apr-14,296868,166988
LH-5805,May-14,248386,121088
LH-5805,Jun-14,351023,250104
LH-5805,Jul-14,365692,260555
LH-5805,Aug-14,321531,180861
LH-5805,Sep-14,284554,160062
LH-5805,Oct-14,314304,176796
LH-5805,Nov-14,255083,124353
LH-5805,Dec-14,170610,83172
LH-5805,Jan-15,179201,87360
LH-5805,Feb-15,243709,118808
LH-5805,Mar-15,259136,126329
LH-5805,Apr-15,308446,173501
LH-5805,May-15,351387,250363
LH-5805,Jun-15,345623,246256
LH-5805,Jul-15,401951,286390
LH-5805,Aug-15,331084,186234
LH-5805,Sep-15,295522,166231
LH-5805,Oct-15,267161,130240
LH-5805,Nov-15,275063,134093
LH-5805,Dec-15,150820,73525
LH-5805,Jan-16,178756,87143
LH-5805,Feb-16,275922,134511
LH-5805,Mar-16,239133,116577
LH-5805,Apr-16,305066,171599
LH-5805,May-16,315260,177333
LH-5805,Jun-16,302716,170277
LH-5805,Jul-16,331962,186728
LH-5805,Aug-16,344033,245123
LH-5805,Sep-16,344975,245794
LH-5805,Oct-16,261045,127259
LH-5805,Nov-16,284486,160023
LH-5805,Dec-16,170459,83098
LH-1486,Jan-09,134544,65590
LH-1486,Feb-09,255768,124687
LH-1486,Mar-09,281983,158615
LH-1486,Apr-09,272389,132790
LH-1486,May-09,349971,249354
LH-1486,Jun-09,344692,245593
LH-1486,Jul-09,388784,277008
LH-1486,Aug-09,330115,185689
LH-1486,Sep-09,362392,258204
LH-1486,Oct-09,322328,181309
LH-1486,Nov-09,273091,133131
LH-1486,Dec-09,146413,71376
LH-1486,Jan-10,121567,-59264
LH-1486,Feb-10,330897,186129
LH-1486,Mar-10,254867,124247
LH-1486,Apr-10,269424,131344
LH-1486,May-10,271055,132139
LH-1486,Jun-10,308297,173417
LH-1486,Jul-10,358132,255169
LH-1486,Aug-10,379458,270364
LH-1486,Sep-10,320699,180393
LH-1486,Oct-10,285118,160379
LH-1486,Nov-10,248439,121114
LH-1486,Dec-10,169646,82702
LH-1486,Jan-11,123632,-60270
LH-1486,Feb-11,261039,127256
LH-1486,Mar-11,307690,173076
LH-1486,Apr-11,226620,110477
LH-1486,May-11,266173,129759
LH-1486,Jun-11,343231,244552
LH-1486,Jul-11,362036,257950
LH-1486,Aug-11,315684,177572
LH-1486,Sep-11,320069,180039
LH-1486,Oct-11,261037,127255
LH-1486,Nov-11,234789,114459
LH-1486,Dec-11,153858,75005
LH-1486,Jan-12,199825,97415
LH-1486,Feb-12,244423,119156
LH-1486,Mar-12,274110,133628
LH-1486,Apr-12,302770,170308
LH-1486,May-12,293691,165201
LH-1486,Jun-12,324580,182576
LH-1486,Jul-12,321378,180775
LH-1486,Aug-12,334829,238565
LH-1486,Sep-12,291777,164124
LH-1486,Oct-12,326515,183665
LH-1486,Nov-12,208964,101870
LH-1486,Dec-12,141768,69112
LH-1486,Jan-13,167568,81689
LH-1486,Feb-13,299731,168598
LH-1486,Mar-13,259080,126301
LH-1486,Apr-13,250548,122142
LH-1486,May-13,304599,171337
LH-1486,Jun-13,291315,163865
LH-1486,Jul-13,343583,244803
LH-1486,Aug-13,312346,175695
LH-1486,Sep-13,356823,254236
LH-1486,Oct-13,331896,186691
LH-1486,Nov-13,283592,159520
LH-1486,Dec-13,174678,85155
LH-1486,Jan-14,118186,-57615
LH-1486,Feb-14,265527,129444
LH-1486,Mar-14,269733,131495
LH-1486,Apr-14,242723,118327
LH-1486,May-14,292798,164699
LH-1486,Jun-14,309926,174333
LH-1486,Jul-14,323989,182244
LH-1486,Aug-14,355182,253067
LH-1486,Sep-14,379236,270206
LH-1486,Oct-14,324694,182640
LH-1486,Nov-14,276584,134834
LH-1486,Dec-14,135563,66086
LH-1486,Jan-15,220194,107344
LH-1486,Feb-15,325509,183098
LH-1486,Mar-15,289644,162924
LH-1486,Apr-15,291613,164032
LH-1486,May-15,300337,168939
LH-1486,Jun-15,343193,244525
LH-1486,Jul-15,399346,284534
LH-1486,Aug-15,341883,243592
LH-1486,Sep-15,328031,184517
LH-1486,Oct-15,300704,169146
LH-1486,Nov-15,300463,169010
LH-1486,Dec-15,183415,89415
LH-1486,Jan-16,184689,90036
LH-1486,Feb-16,283435,159432
LH-1486,Mar-16,317730,178723
LH-1486,Apr-16,279108,136065
LH-1486,May-16,277004,135039
LH-1486,Jun-16,368421,262500
LH-1486,Jul-16,335413,238982
LH-1486,Aug-16,379274,270233
LH-1486,Sep-16,314277,176781
LH-1486,Oct-16,269599,131429
LH-1486,Nov-16,280382,157714
LH-1486,Dec-16,163374,79644
LH-2270,Jan-09,188904,92091
LH-2270,Feb-09,275708,134407
LH-2270,Mar-09,220663,107573
LH-2270,Apr-09,321363,180766
LH-2270,May-09,274011,133580
LH-2270,Jun-09,327456,184194
LH-2270,Jul-09,402859,287037
LH-2270,Aug-09,318943,179405
LH-2270,Sep-09,332069,186789
LH-2270,Oct-09,319793,179883
LH-2270,Nov-09,278556,135796
LH-2270,Dec-09,107287,-52302
LH-2270,Jan-10,188927,92102
LH-2270,Feb-10,295120,166005
LH-2270,Mar-10,271331,132274
LH-2270,Apr-10,289212,162682
LH-2270,May-10,340515,242617
LH-2270,Jun-10,339496,241891
LH-2270,Jul-10,382902,272817
LH-2270,Aug-10,323670,182064
LH-2270,Sep-10,303682,170821
LH-2270,Oct-10,284635,160107
LH-2270,Nov-10,314779,177063
LH-2270,Dec-10,205957,100404
LH-2270,Jan-11,203873,99388
LH-2270,Feb-11,295138,166015
LH-2270,Mar-11,251880,122791
LH-2270,Apr-11,286167,160969
LH-2270,May-11,301292,169476
LH-2270,Jun-11,317539,178615
LH-2270,Jul-11,405246,288738
LH-2270,Aug-11,360778,257054
LH-2270,Sep-11,304256,171144
LH-2270,Oct-11,285435,160557
LH-2270,Nov-11,273492,133327
LH-2270,Dec-11,231950,113075
LH-2270,Jan-12,202116,98531
LH-2270,Feb-12,343548,244778
LH-2270,Mar-12,263901,128651
LH-2270,Apr-12,256635,125109
LH-2270,May-12,279017,136020
LH-2270,Jun-12,285756,160738
LH-2270,Jul-12,335978,239384
LH-2270,Aug-12,355602,253366
LH-2270,Sep-12,385607,274744
LH-2270,Oct-12,292946,164782
LH-2270,Nov-12,251296,122506
LH-2270,Dec-12,183261,89339
LH-2270,Jan-13,172077,83887
LH-2270,Feb-13,317560,178627
LH-2270,Mar-13,236582,115333
LH-2270,Apr-13,251754,122730
LH-2270,May-13,315486,177461
LH-2270,Jun-13,311162,175028
LH-2270,Jul-13,367134,261582
LH-2270,Aug-13,332797,187198
LH-2270,Sep-13,262928,128177
LH-2270,Oct-13,327294,184103
LH-2270,Nov-13,295408,166167
LH-2270,Dec-13,162400,79170
LH-2270,Jan-14,202076,98512
LH-2270,Feb-14,252788,123234
LH-2270,Mar-14,304787,171443
LH-2270,Apr-14,260753,127117
LH-2270,May-14,343787,244948
LH-2270,Jun-14,320119,180067
LH-2270,Jul-14,387289,275943
LH-2270,Aug-14,326542,183680
LH-2270,Sep-14,299606,168528
LH-2270,Oct-14,194131,94638
LH-2270,Nov-14,289445,162813
LH-2270,Dec-14,171531,83621
LH-2270,Jan-15,184111,89754
LH-2270,Feb-15,218747,106639
LH-2270,Mar-15,257057,125315
LH-2270,Apr-15,290887,163624
LH-2270,May-15,414161,295090
LH-2270,Jun-15,340044,242281
LH-2270,Jul-15,354671,252703
LH-2270,Aug-15,351123,250175
LH-2270,Sep-15,326919,183892
LH-2270,Oct-15,345513,246178
LH-2270,Nov-15,286544,161181
LH-2270,Dec-15,137133,66852
LH-2270,Jan-16,214828,104728
LH-2270,Feb-16,234234,114189
LH-2270,Mar-16,251547,122629
LH-2270,Apr-16,306188,172230
LH-2270,May-16,300526,169046
LH-2270,Jun-16,292302,164419
LH-2270,Jul-16,355321,253166
LH-2270,Aug-16,331032,186205
LH-2270,Sep-16,289267,162712
LH-2270,Oct-16,300156,168838
LH-2270,Nov-16,241179,117575
LH-2270,Dec-16,141441,68952
LH-3105,Jan-09,197630,96345
LH-3105,Feb-09,265237,129303
LH-3105,Mar-09,269428,131346
LH-3105,Apr-09,300431,168992
LH-3105,May-09,388276,276646
LH-3105,Jun-09,356121,253736
LH-3105,Jul-09,335924,239346
LH-3105,Aug-09,335017,238700
LH-3105,Sep-09,317248,178452
LH-3105,Oct-09,325708,183211
LH-3105,Nov-09,330444,185874
LH-3105,Dec-09,111305,-54261
LH-3105,Jan-10,181254,88361
LH-3105,Feb-10,317020,178323
LH-3105,Mar-10,267847,130575
LH-3105,Apr-10,287652,161804
LH-3105,May-10,258112,125830
LH-3105,Jun-10,335783,239245
LH-3105,Jul-10,399257,284471
LH-3105,Aug-10,339992,242244
LH-3105,Sep-10,346918,247179
LH-3105,Oct-10,347932,247902
LH-3105,Nov-10,233083,113628
LH-3105,Dec-10,132857,64768
LH-3105,Jan-11,162867,79397
LH-3105,Feb-11,299332,168374
LH-3105,Mar-11,342072,243726
LH-3105,Apr-11,256917,125247
LH-3105,May-11,269088,131180
LH-3105,Jun-11,279502,136257
LH-3105,Jul-11,324304,182421
LH-3105,Aug-11,272607,132896
LH-3105,Sep-11,307386,172904
LH-3105,Oct-11,293892,165314
LH-3105,Nov-11,275741,134424
LH-3105,Dec-11,197831,96442
LH-3105,Jan-12,138981,67753
LH-3105,Feb-12,265455,129409
LH-3105,Mar-12,305416,171797
LH-3105,Apr-12,225343,109854
LH-3105,May-12,332541,187054
LH-3105,Jun-12,331833,186656
LH-3105,Jul-12,370678,264108
LH-3105,Aug-12,310682,174758
LH-3105,Sep-12,327513,184226
LH-3105,Oct-12,311884,175434
LH-3105,Nov-12,255732,124669
LH-3105,Dec-12,159726,77866
LH-3105,Jan-13,206822,100825
LH-3105,Feb-13,321647,180926
LH-3105,Mar-13,316375,177961
LH-3105,Apr-13,330198,185736
LH-3105,May-13,294756,165800
LH-3105,Jun-13,384477,273939
LH-3105,Jul-13,345724,246328
LH-3105,Aug-13,237496,115779
LH-3105,Sep-13,345969,246502
LH-3105,Oct-13,359961,256472
LH-3105,Nov-13,256082,124840
LH-3105,Dec-13,220941,107708
LH-3105,Jan-14,205452,100157
LH-3105,Feb-14,298211,167743
LH-3105,Mar-14,220388,107439
LH-3105,Apr-14,302051,169904
LH-3105,May-14,240833,117406
LH-3105,Jun-14,399151,284395
LH-3105,Jul-14,322882,181621
LH-3105,Aug-14,363318,258864
LH-3105,Sep-14,296954,167036
LH-3105,Oct-14,285960,160852
LH-3105,Nov-14,299542,168492
LH-3105,Dec-14,155678,75893
LH-3105,Jan-15,176749,86165
LH-3105,Feb-15,238280,116161
LH-3105,Mar-15,284939,160278
LH-3105,Apr-15,297564,167380
LH-3105,May-15,253878,123765
LH-3105,Jun-15,329849,185540
LH-3105,Jul-15,362732,258446
LH-3105,Aug-15,324766,182681
LH-3105,Sep-15,314241,176760
LH-3105,Oct-15,313979,176613
LH-3105,Nov-15,246392,120116
LH-3105,Dec-15,177719,86638
LH-3105,Jan-16,197963,96507
LH-3105,Feb-16,295091,165988
LH-3105,Mar-16,304211,171118
LH-3105,Apr-16,244954,119415
LH-3105,May-16,335413,238981
LH-3105,Jun-16,362916,258577
LH-3105,Jul-16,400278,285198
LH-3105,Aug-16,351955,250767
LH-3105,Sep-16,346991,247231
LH-3105,Oct-16,294639,165734
LH-3105,Nov-16,249776,121766
LH-3105,Dec-16,156446,76267
LH-2738,Jan-09,180308,87900
LH-2738,Feb-09,251748,122727
LH-2738,Mar-09,247926,120864
LH-2738,Apr-09,275946,134523
LH-2738,May-09,253894,123773
LH-2738,Jun-09,350868,249993
LH-2738,Jul-09,370869,264244
LH-2738,Aug-09,297810,167518
LH-2738,Sep-09,419847,299141
LH-2738,Oct-09,304732,171412
LH-2738,Nov-09,182575,89005
LH-2738,Dec-09,161854,78903
LH-2738,Jan-10,210018,102384
LH-2738,Feb-10,265307,129337
LH-2738,Mar-10,278289,135666
LH-2738,Apr-10,268174,130734
LH-2738,May-10,308460,173508
LH-2738,Jun-10,300250,168891
LH-2738,Jul-10,356655,254116
LH-2738,Aug-10,342056,243715
LH-2738,Sep-10,353407,251802
LH-2738,Oct-10,312391,175720
LH-2738,Nov-10,256395,124992
LH-2738,Dec-10,146209,71277
LH-2738,Jan-11,144553,70469
LH-2738,Feb-11,208019,101409
LH-2738,Mar-11,310447,174626
LH-2738,Apr-11,259366,126441
LH-2738,May-11,325127,182884
LH-2738,Jun-11,327888,184437
LH-2738,Jul-11,347377,247506
LH-2738,Aug-11,290095,163178
LH-2738,Sep-11,327132,184012
LH-2738,Oct-11,284427,159990
LH-2738,Nov-11,249502,121632
LH-2738,Dec-11,135308,65962
LH-2738,Jan-12,186174,90760
LH-2738,Feb-12,261128,127300
LH-2738,Mar-12,324502,182532
LH-2738,Apr-12,320412,180231
LH-2738,May-12,292235,164382
LH-2738,Jun-12,344615,245538
LH-2738,Jul-12,391790,279151
LH-2738,Aug-12,373541,266148
LH-2738,Sep-12,318225,179001
LH-2738,Oct-12,285028,160328
LH-2738,Nov-12,246810,120320
LH-2738,Dec-12,168477,82132
LH-2738,Jan-13,207065,100944
LH-2738,Feb-13,271595,132402
LH-2738,Mar-13,270466,131852
LH-2738,Apr-13,280369,157707
LH-2738,May-13,257933,125742
LH-2738,Jun-13,345814,246392
LH-2738,Jul-13,355997,253647
LH-2738,Aug-13,363944,259310
LH-2738,Sep-13,312463,175760
LH-2738,Oct-13,287938,161965
LH-2738,Nov-13,252574,123130
LH-2738,Dec-13,196046,95572
LH-2738,Jan-14,176893,86235
LH-2738,Feb-14,290957,163663
LH-2738,Mar-14,239753,116879
LH-2738,Apr-14,267995,130647
LH-2738,May-14,295590,166269
LH-2738,Jun-14,268418,130854
LH-2738,Jul-14,364311,259571
LH-2738,Aug-14,320747,180420
LH-2738,Sep-14,339659,242007
LH-2738,Oct-14,316408,177979
LH-2738,Nov-14,244859,119368
LH-2738,Dec-14,180701,88091
LH-2738,Jan-15,141306,68886
LH-2738,Feb-15,254983,124304
LH-2738,Mar-15,266018,129684
LH-2738,Apr-15,248028,120913
LH-2738,May-15,291519,163979
LH-2738,Jun-15,347796,247804
LH-2738,Jul-15,270227,131735
LH-2738,Aug-15,316528,178047
LH-2738,Sep-15,322383,181340
LH-2738,Oct-15,320835,180470
LH-2738,Nov-15,238205,116125
LH-2738,Dec-15,154765,75448
LH-2738,Jan-16,154961,75543
LH-2738,Feb-16,291635,164044
LH-2738,Mar-16,255753,124679
LH-2738,Apr-16,290425,163364
LH-2738,May-16,267705,130506
LH-2738,Jun-16,387631,276187
LH-2738,Jul-16,319844,179912
LH-2738,Aug-16,361729,257732
LH-2738,Sep-16,330105,185684
LH-2738,Oct-16,307353,172886
LH-2738,Nov-16,283351,159385
LH-2738,Dec-16,153579,74869